[{"category":"Мебель","subcategory":"Диваны","name":"СВЭНСТА","price":"4699","description":"2-местный диван-кровать, черный","img":["https://www.ikea.com/ru/ru/images/products/svensta-2-mestnyy-divan-krovat-chernyy__0733825_PE739188_S5.JPG","https://www.ikea.com/ru/ru/images/products/svensta-2-mestnyy-divan-krovat-chernyy__0735471_PE739961_S5.JPG"],"id":"idd001","count":7},{"category":"Мебель","subcategory":"Диваны","name":"ГИММАРП","price":"17999","description":"3-местный диван-кровать, Рудорна светло-серый","img":["https://www.ikea.com/ru/ru/images/products/gimmarp-3-mestnyy-divan-krovat-rudorna-svetlo-seryy__0759903_PE750535_S5.JPG","https://www.ikea.com/ru/ru/images/products/gimmarp-3-mestnyy-divan-krovat-rudorna-svetlo-seryy__0759904_PE750536_S5.JPG"],"id":"idd002","count":5},{"category":"Мебель","subcategory":"Диваны","name":"ФРИХЕТЭН","price":"23999","description":"Угл див-кров с отд д/хран, Шифтебу темно-серый","img":["https://www.ikea.com/ru/ru/images/products/friheten-ugl-div-krov-s-otd-d-hran-shiftebu-temno-seryy__0833843_PE600296_S5.JPG","https://www.ikea.com/ru/ru/images/products/friheten-ugl-div-krov-s-otd-d-hran-shiftebu-temno-seryy__0835026_PE698970_S5.JPG"],"video":"https://mmapi.ikea.com/im/productfilms/videos/fe001003.mp4","id":"idd003","count":7},{"category":"Мебель","subcategory":"Диваны","name":"ГРЭЛЛЬСТА","price":"12999","description":"2-местный диван-кровать, Сандсбру серый","img":["https://www.ikea.com/ru/ru/images/products/grellsta-2-mestnyy-divan-krovat-sandsbru-seryy__0761354_PE751220_S5.JPG","https://www.ikea.com/ru/ru/images/products/grellsta-2-mestnyy-divan-krovat-sandsbru-seryy__0761355_PE751221_S5.JPG"],"id":"idd004","count":7},{"category":"Мебель","subcategory":"Диваны","name":"ФРИХЕТЭН","price":"21999","description":"3-местный диван-кровать, Шифтебу темно-серый","img":["https://www.ikea.com/ru/ru/images/products/friheten-3-mestnyy-divan-krovat-shiftebu-temno-seryy__0830275_PE600313_S5.JPG","https://www.ikea.com/ru/ru/images/products/friheten-3-mestnyy-divan-krovat-shiftebu-temno-seryy__0835016_PE600216_S5.JPG"],"video":"https://mmapi.ikea.com/im/productfilms/videos/fe001002.mp4","id":"idd005","count":1},{"category":"Мебель","subcategory":"Диваны","name":"БРИССУНД","price":"17999","description":"3-местный диван-кровать, Рудорна темно-серый","img":["https://www.ikea.com/ru/ru/images/products/brissund-3-mestnyy-divan-krovat-rudorna-temno-seryy__0755257_PE748321_S5.JPG","https://www.ikea.com/ru/ru/images/products/brissund-3-mestnyy-divan-krovat-rudorna-temno-seryy__0755258_PE748322_S5.JPG"],"id":"idd006","count":3},{"category":"Мебель","subcategory":"Диваны","name":"ГИММАРП","price":"19999","description":"Диван-кровать с козеткой, Рудорна светло-серый","img":["https://www.ikea.com/ru/ru/images/products/gimmarp-divan-krovat-s-kozetkoy-rudorna-svetlo-seryy__0746362_PE743959_S5.JPG","https://www.ikea.com/ru/ru/images/products/gimmarp-divan-krovat-s-kozetkoy-rudorna-svetlo-seryy__0746363_PE743960_S5.JPG"],"id":"idd007","count":5},{"category":"Мебель","subcategory":"Диваны","name":"КНОППАРП","price":"8499","description":"2-местный диван, Книса светло-серый","img":["https://www.ikea.com/ru/ru/images/products/knopparp-2-mestnyy-divan-knisa-svetlo-seryy__0827225_PE706767_S5.JPG","https://www.ikea.com/pimg/0970588_ph173794_s5.jpg"],"id":"idd008","count":3},{"category":"Мебель","subcategory":"Кресла","name":"ПОЭНГ","price":"12999","description":"Кресло, березовый шпон/Глосе светло-бежевый","img":["https://www.ikea.com/ru/ru/images/products/poeng-kreslo-berezovyy-shpon-glose-svetlo-bezhevyy__0837647_PE601073_S5.JPG","https://www.ikea.com/ru/ru/images/products/poeng-kreslo-berezovyy-shpon-glose-svetlo-bezhevyy__0250853_PE389390_S5.JPG"],"id":"idd009","count":3},{"category":"Мебель","subcategory":"Кресла","name":"ПОЭНГ Кресло-качалка","price":"15999","description":"Кресло-качалка, березовый шпон/Глосе темно-коричневый","img":["https://www.ikea.com/ru/ru/images/products/poeng-kreslo-kachalka-berezovyy-shpon-glose-temno-korichnevyy__0836732_PE600920_S5.JPG","https://www.ikea.com/ru/ru/images/products/poeng-kreslo-kachalka-berezovyy-shpon-glose-temno-korichnevyy__0250925_PE389559_S5.JPG"],"id":"idd010","count":1},{"category":"Мебель","subcategory":"Кресла","name":"ЛИДГУЛЬТ","price":"75000","description":"Козетка, Гранн/Бумстад золотисто-коричневый","img":["https://www.ikea.com/ru/ru/images/products/lidgult-kozetka-grann-bumstad-zolotisto-korichnevyy__0825306_PE689562_S5.JPG","https://www.ikea.com/ru/ru/images/products/lidgult-kozetka-grann-bumstad-zolotisto-korichnevyy__0825312_PE705922_S5.JPG"],"id":"idd011","count":2},{"category":"Мебель","subcategory":"Кресла","name":"ГЕССБЕРГ","price":"24999","description":"Кресло, Глосе/Бумстад темно-коричневый","img":["https://www.ikea.com/ru/ru/images/products/gessberg-kreslo-glose-bumstad-temno-korichnevyy__0840463_PE648715_S5.JPG","https://www.ikea.com/ru/ru/images/products/gessberg-kreslo-glose-bumstad-temno-korichnevyy__0840460_PE648021_S5.JPG"],"id":"idd012","count":5},{"category":"Мебель","subcategory":"Кресла","name":"СТРАНДМОН","price":"24999","description":"Кресло с подголовником, Гранн/Бумстад темно-коричневый, Натуральная кожа","img":["https://www.ikea.com/ru/ru/images/products/strandmon-kreslo-s-podgolovnikom-grann-bumstad-temno-korichnevyy__0778161_PE758845_S5.JPG","https://www.ikea.com/ru/ru/images/products/strandmon-kreslo-s-podgolovnikom-grann-bumstad-temno-korichnevyy__0778160_PE758846_S5.JPG"],"id":"idd013","count":7},{"category":"Мебель","subcategory":"Кресла","name":"БУСКБУ","price":"9499","description":"Кресло, ротанг/Юпвик белый","img":["https://www.ikea.com/ru/ru/images/products/buskbu-kreslo-rotang-yupvik-belyy__0837612_PE719538_S5.JPG","https://www.ikea.com/ru/ru/images/products/buskbu-kreslo-rotang-yupvik-belyy__0837602_PE719537_S5.JPG"],"id":"idd014","count":7},{"category":"Мебель","subcategory":"Кресла","name":"ВЕДБУ","price":"15999","description":"Кресло c высокой спинкой, Гуннаред светлый коричнево-розовый","img":["https://www.ikea.com/ru/ru/images/products/vedbu-kreslo-c-vysokoy-spinkoy-gunnared-svetlyy-korichnevo-rozovyy__0945783_PH171545_S5.JPG","https://www.ikea.com/ru/ru/images/products/vedbu-kreslo-c-vysokoy-spinkoy-gunnared-svetlyy-korichnevo-rozovyy__0837079_PE701952_S5.JPG"],"id":"idd015","count":3},{"category":"Мебель","subcategory":"Кресла","name":"ЛИКСЕЛЕ","price":"12999","description":"Кресло-кровать, Шифтебу синий","img":["https://www.ikea.com/ru/ru/images/products/liksele-kreslo-krovat-shiftebu-siniy__0918674_PE786446_S5.JPG","https://www.ikea.com/ru/ru/images/products/liksele-kreslo-krovat-shiftebu-siniy__0918070_PE786050_S5.JPG"],"id":"idd016","count":7},{"category":"Мебель","subcategory":"Кресла","name":"ИКЕА ПС ЛЁМСК","price":"5999","description":"Вращающееся кресло, белый/красный","img":["https://www.ikea.com/ru/ru/images/products/ikea-ps-lyomsk-vrashchayushcheesya-kreslo-belyy-krasnyy__0876409_PE685398_S5.JPG","https://www.ikea.com/ru/ru/images/products/ikea-ps-lyomsk-vrashchayushcheesya-kreslo-belyy-krasnyy__0876413_PE685399_S5.JPG"],"id":"idd017","count":5},{"category":"Мебель","subcategory":"Книжные шкафы","name":"БИЛЛИ","price":"29960","description":"Стеллаж, коричневый ясеневый шпон, 215/135x28x237 см","img":["https://www.ikea.com/ru/ru/images/products/billi-stellazh-korichnevyy-yasenevyy-shpon__0849359_PE610450_S5.JPG","https://www.ikea.com/ru/ru/images/products/billi-stellazh-korichnevyy-yasenevyy-shpon__0411962_PE576230_S5.JPG"],"id":"idd018","count":2},{"category":"Мебель","subcategory":"Книжные шкафы","name":"БИЛЛИ","price":"2490","description":"Стеллаж, белый, 40x28x202 см","img":["https://www.ikea.com/ru/ru/images/products/billi-stellazh-belyy__0394564_PE561387_S5.JPG","https://www.ikea.com/ru/ru/images/products/billi-stellazh-belyy__0644260_PE702536_S5.JPG"],"id":"idd019","count":0},{"category":"Мебель","subcategory":"Книжные шкафы","name":"БИЛЛИ / ОКСБЕРГ","price":"8490","description":"Стеллаж, белый, 80x30x202 см","img":["https://www.ikea.com/ru/ru/images/products/billi-oksberg-stellazh-belyy__0451859_PE600781_S5.JPG","https://www.ikea.com/ru/ru/images/products/billi-oksberg-stellazh-belyy__0641255_PE700390_S5.JPG"],"id":"idd020","count":5},{"category":"Мебель","subcategory":"Стеллажи","name":"ЛАКК","price":"3999","description":"Полочный модуль, навесной, белый, 30x190 см","img":["https://www.ikea.com/ru/ru/images/products/lakk-polochnyy-modul-navesnoy-belyy__0676618_PE718730_S5.JPG","https://www.ikea.com/ru/ru/images/products/lakk-polochnyy-modul-navesnoy-belyy__0246565_PE385541_S5.JPG"],"id":"idd021","count":4},{"category":"Мебель","subcategory":"Стеллажи","name":"ЭКЕТ","price":"7100","description":"Комбинация шкафов с ножками, белый, 105x35x107 см","img":["https://www.ikea.com/ru/ru/images/products/eket-kombinaciya-shkafov-s-nozhkami-belyy__0478255_PE617381_S5.JPG","https://www.ikea.com/ru/ru/images/products/eket-kombinaciya-shkafov-s-nozhkami-belyy__0478254_PE617380_S5.JPG"],"video":"https://mmapi.ikea.com/im/productfilms/videos/fe000172.mp4","id":"idd022","count":7},{"category":"Мебель","subcategory":"Шкаф для ТВ","name":"БЕСТО","price":"31099","description":"Шкаф для тв, комбин/стеклян дверцы, белый/Лаппвикен белый прозрачное стекло, 300x42x211 см","img":["https://www.ikea.com/ru/ru/images/products/besto-shkaf-dlya-tv-kombin-steklyan-dvercy-belyy-lappviken-belyy-prozrachnoe-steklo__0729379_PE736879_S5.JPG","https://www.ikea.com/ru/ru/images/products/besto-shkaf-dlya-tv-kombin-steklyan-dvercy-belyy-lappviken-belyy-prozrachnoe-steklo__0644928_PE703100_S5.JPG"],"video":"https://mmapi.ikea.com/im/productfilms/videos/fe000089.mp4","id":"idd023","count":2},{"category":"Мебель","subcategory":"Шкаф для ТВ","name":"БРИМНЭС","price":"8998","description":"Шкаф для тв, комбинация, белый, 200x41x95 см","img":["https://www.ikea.com/ru/ru/images/products/brimnes-shkaf-dlya-tv-kombinaciya-belyy__0464268_PE609345_S5.JPG","https://www.ikea.com/ru/ru/images/products/brimnes-shkaf-dlya-tv-kombinaciya-belyy__0463508_PE608757_S5.JPG"],"id":"idd024","count":3},{"category":"Текстиль","subcategory":"Ковер","name":"СТЕМЭТАРЕ","price":"2999","description":"Ковер, короткий ворс, разноцветный, 133x195 см","img":["https://www.ikea.com/ru/ru/images/products/stemetare-kover-korotkiy-vors-raznocvetnyy__0801734_PE768294_S5.JPG","https://www.ikea.com/ru/ru/images/products/stemetare-kover-korotkiy-vors-raznocvetnyy__0801733_PE768295_S5.JPG"],"id":"idd025","count":1},{"category":"Текстиль","subcategory":"Ковер","name":"ВИДЕБЭК","price":"10999","description":"Ковер безворсовый, ручная работа/разноцветный, 133x195 см","img":["https://www.ikea.com/ru/ru/images/products/videbek-kover-bezvorsovyy-ruchnaya-rabota-raznocvetnyy__0893740_PE673582_S5.JPG","https://www.ikea.com/ru/ru/images/products/videbek-kover-bezvorsovyy-ruchnaya-rabota-raznocvetnyy__0893742_PE673583_S5.JPG"],"id":"idd026","count":1},{"category":"Текстиль","subcategory":"Ковер","name":"ПИЛЛЕМАРК","price":"799","description":"Придверный коврик для дома, радуга, 50x90 см","img":["https://www.ikea.com/ru/ru/images/products/pillemark-pridvernyy-kovrik-dlya-doma-raduga__0806524_PE769979_S5.JPG","https://www.ikea.com/ru/ru/images/products/pillemark-pridvernyy-kovrik-dlya-doma-raduga__0806523_PE769977_S5.JPG"],"id":"idd027","count":5},{"category":"Текстиль","subcategory":"Ковер","name":"КАТРУП","price":"3999","description":"Ковер безворсовый, ручная работа/синий, 75x150 см","img":["https://www.ikea.com/ru/ru/images/products/katrup-kover-bezvorsovyy-ruchnaya-rabota-siniy__0806484_PE769962_S5.JPG","https://www.ikea.com/ru/ru/images/products/katrup-kover-bezvorsovyy-ruchnaya-rabota-siniy__0806483_PE769963_S5.JPG"],"id":"idd028","count":7},{"category":"Текстиль","subcategory":"Ковер","name":"ПЕРСИСК ХАМАДАН","price":"32999","description":"Ковер, короткий ворс, ручная работа различные орнаменты, 100x150 см","img":["https://www.ikea.com/ru/ru/images/products/persisk-hamadan-kover-korotkiy-vors-ruchnaya-rabota-razlichnye-ornamenty__0130080_PE284292_S5.JPG","https://www.ikea.com/ru/ru/images/products/persisk-hamadan-kover-korotkiy-vors-ruchnaya-rabota-razlichnye-ornamenty__0892186_PE560557_S5.JPG"],"id":"idd029","count":6},{"category":"Текстиль","subcategory":"Ковер","name":"КОЛЬДБИ","price":"12999","description":"Коровья шкура, коричневый","img":["https://www.ikea.com/ru/ru/images/products/koldbi-korovya-shkura-korichnevyy__0092793_PE229518_S5.JPG","https://www.ikea.com/ru/ru/images/products/koldbi-korovya-shkura-korichnevyy__0102861_PE248474_S5.JPG"],"id":"idd030","count":3},{"category":"Декор","subcategory":"Зеркала","name":"ФЛАКНАН","price":"2499","description":"Зеркало напольное, белый, 30x150 см","img":["https://www.ikea.com/ru/ru/images/products/flaknan-zerkalo-napolnoe-belyy__0364265_PE547480_S5.JPG","https://www.ikea.com/ru/ru/images/products/flaknan-zerkalo-napolnoe-belyy__0476077_PE616026_S5.JPG"],"id":"idd031","count":7},{"category":"Декор","subcategory":"Зеркала","name":"ТРЕНСУМ","price":"399","description":"Зеркало, нержавеющ сталь","img":["https://www.ikea.com/ru/ru/images/products/trensum-zerkalo-nerzhaveyushch-stal__0637644_PE698434_S5.JPG","https://www.ikea.com/ru/ru/images/products/trensum-zerkalo-nerzhaveyushch-stal__0864445_PE555116_S5.JPG"],"id":"idd032","count":0},{"category":"Декор","subcategory":"Зеркала","name":"НИССЕДАЛЬ","price":"1999","description":"Зеркало, белый, 65x65 см","img":["https://www.ikea.com/ru/ru/images/products/nissedal-zerkalo-belyy__0906265_PE606202_S5.JPG","https://www.ikea.com/ru/ru/images/products/nissedal-zerkalo-belyy__0906285_PE606203_S5.JPG"],"id":"idd033","count":0},{"category":"Декор","subcategory":"Зеркала","name":"СТОКГОЛЬМ","price":"3999","description":"Зеркало, шпон грецкого ореха, 60 см","img":["https://www.ikea.com/ru/ru/images/products/stokgolm-zerkalo-shpon-greckogo-oreha__0177101_PE329948_S5.JPG","https://www.ikea.com/ru/ru/images/products/stokgolm-zerkalo-shpon-greckogo-oreha__0906306_PE658294_S5.JPG"],"id":"idd034","count":5},{"category":"Декор","subcategory":"Рама","name":"ЮЛЛЕВАД","price":"49","description":"Рама, черный, 13x18 см","img":["https://www.ikea.com/ru/ru/images/products/yullevad-rama-chernyy__0800684_PE767985_S5.JPG","https://www.ikea.com/ru/ru/images/products/yullevad-rama-chernyy__0807224_PE775195_S5.JPG"],"video":"https://mmapi.ikea.com/im/productfilms/videos/fe001105.mp4","id":"idd035","count":7},{"category":"Декор","subcategory":"Рама","name":"РИББА","price":"269","description":"Рама, белый, 30x40 см","img":["https://www.ikea.com/ru/ru/images/products/ribba-rama-belyy__0638343_PE698865_S5.JPG","https://www.ikea.com/ru/ru/images/products/ribba-rama-belyy__0398775_PE560067_S5.JPG"],"id":"idd036","count":3},{"category":"Декор","subcategory":"Картина","name":"ФРИДЕНЭ","price":"369","description":"Картина, цветок, 30x30 см","img":["https://www.ikea.com/ru/ru/images/products/fridene-kartina-cvetok__0731986_PE738542_S5.JPG","https://www.ikea.com/ru/ru/images/products/fridene-kartina-cvetok__0731985_PE738541_S5.JPG"],"id":"idd037","count":6},{"category":"Декор","subcategory":"Картина","name":"БЬЁРКСТА","price":"2999","description":"Картина с рамой, Прикосновение/цвет алюминия, 140x56 см","img":["https://www.ikea.com/ru/ru/images/products/byorksta-kartina-s-ramoy-prikosnovenie-cvet-alyuminiya__0730105_PE737363_S5.JPG","https://www.ikea.com/ru/ru/images/products/byorksta-kartina-s-ramoy-prikosnovenie-cvet-alyuminiya__0730103_PE737365_S5.JPG"],"id":"idd038","count":1},{"category":"Декор","subcategory":"Вазы","name":"БЕСТОДД","price":"199","description":"Ваза, светло-сиреневый, 23 см","img":["https://www.ikea.com/ru/ru/images/products/bestodd-vaza-svetlo-sirenevyy__0799433_PE767537_S5.JPG","https://www.ikea.com/ru/ru/images/products/bestodd-vaza-svetlo-sirenevyy__0801619_PE768236_S5.JPG"],"id":"idd039","count":4},{"category":"Декор","subcategory":"Вазы","name":"СТИЛРЕН","price":"799","description":"Ваза, белый, 22 см","img":["https://www.ikea.com/ru/ru/images/products/stilren-vaza-belyy__0704329_PE725345_S5.JPG","https://www.ikea.com/ru/ru/images/products/stilren-vaza-belyy__0913272_PH162406_S5.JPG"],"id":"idd040","count":6},{"category":"Декор","subcategory":"Часы","name":"СТАКИГ","price":"299","description":"Часы, черный, 16.5 см","img":["https://www.ikea.com/ru/ru/images/products/stakig-chasy-chernyy__0836077_PE778496_S5.JPG","https://www.ikea.com/ru/ru/images/products/stakig-chasy-chernyy__0940817_PE795208_S5.JPG"],"id":"idd041","count":6},{"category":"Декор","subcategory":"Часы","name":"ЮККЕ","price":"299","description":"Настенные часы, разноцветный, 23 см","img":["https://www.ikea.com/ru/ru/images/products/yukke-nastennye-chasy-raznocvetnyy__0408910_PE570239_S5.JPG"],"id":"idd042","count":4},{"category":"Декор","subcategory":"Часы","name":"ИКЕА ПС 1995","price":"2999","description":"","img":["https://www.ikea.com/ru/ru/images/products/ikea-ps-1995-chasy-belyy__0798796_PE767390_S5.JPG","https://www.ikea.com/ru/ru/images/products/ikea-ps-1995-chasy-belyy__0798797_PE767391_S5.JPG"],"id":"idd043","count":1},{"category":"Освещение","subcategory":"Лампы и светильники","name":"СВАЛЛЕТ","price":"369","description":"Лампа рабочая, темно-серый/белый","img":["https://www.ikea.com/ru/ru/images/products/svallet-lampa-rabochaya-temno-seryy-belyy__0703502_PE724751_S5.JPG","https://www.ikea.com/ru/ru/images/products/svallet-lampa-rabochaya-temno-seryy-belyy__0881047_PE724753_S5.JPG"],"id":"idd044","count":7},{"category":"Освещение","subcategory":"Лампы и светильники","name":"НУТ","price":"1299","description":"Торшер/лампа для чтения, черный","img":["https://www.ikea.com/ru/ru/images/products/nut-torsher-lampa-dlya-chteniya-chernyy__0606879_PE682600_S5.JPG","https://www.ikea.com/ru/ru/images/products/nut-torsher-lampa-dlya-chteniya-chernyy__0880213_PE611339_S5.JPG"],"id":"idd045","count":7},{"category":"Освещение","subcategory":"Лампы и светильники","name":"ДРЁМСЮН","price":"499","description":"Бра, белый","img":["https://www.ikea.com/ru/ru/images/products/dryomsyun-bra-belyy__0607772_PE683201_S5.JPG","https://www.ikea.com/ru/ru/images/products/dryomsyun-bra-belyy__0737582_PE641370_S5.JPG"],"id":"idd046","count":5},{"category":"Освещение","subcategory":"Декоративное освещение","name":"СКАЙХОГТ","price":"299","description":"Светодиодный фонарь, с батарейным питанием/д/дома/улицы белый, 11 см","img":["https://www.ikea.com/ru/ru/images/products/skayhogt-svetodiodnyy-fonar-s-batareynym-pitaniem-d-doma-ulicy-belyy__0760209_PE751380_S5.JPG","https://www.ikea.com/ru/ru/images/products/skayhogt-svetodiodnyy-fonar-s-batareynym-pitaniem-d-doma-ulicy-belyy__0761516_PE751381_S5.JPG"],"id":"idd047","count":3},{"category":"Освещение","subcategory":"Декоративное освещение","name":"СОЛВИДЕН","price":"799","description":"Гирлянда, 12 светодиодов, с батарейным питанием/для сада желтый","img":["https://www.ikea.com/ru/ru/images/products/solviden-girlyanda-12-svetodiodov-s-batareynym-pitaniem-dlya-sada-zheltyy__0767086_PE753959_S5.JPG","https://www.ikea.com/ru/ru/images/products/solviden-girlyanda-12-svetodiodov-s-batareynym-pitaniem-dlya-sada-zheltyy__0766666_PE753862_S5.JPG"],"id":"idd048","count":1},{"category":"Текстиль","subcategory":"Пледы","name":"ВОРКРАГЕ","price":"399","description":"Плед, бежевый, 110x170 см","img":["https://www.ikea.com/ru/ru/images/products/vorkrage-pled-bezhevyy__0723976_PE734323_S5.JPG","https://www.ikea.com/ru/ru/images/products/vorkrage-pled-bezhevyy__0723975_PE734320_S5.JPG"],"id":"idd049","count":6},{"category":"Текстиль","subcategory":"Пледы","name":"ЙОХАННЕ","price":"1299","description":"Плед, черный/естественный, 130x170 см","img":["https://www.ikea.com/ru/ru/images/products/yohanne-pled-chernyy-estestvennyy__0683860_PE720884_S5.JPG","https://www.ikea.com/ru/ru/images/products/yohanne-pled-chernyy-estestvennyy__0890085_PE654650_S5.JPG"],"id":"idd050","count":4},{"category":"Текстиль","subcategory":"Пледы","name":"ОДДХИЛЬД","price":"349","description":"Плед, темно-серый, 120x170 см","img":["https://www.ikea.com/ru/ru/images/products/oddhild-pled-temno-seryy__0683086_PE720653_S5.JPG","https://www.ikea.com/ru/ru/images/products/oddhild-pled-temno-seryy__0890140_PE726339_S5.JPG"],"id":"idd051","count":2},{"category":"Текстиль","subcategory":"Шторы и жалюзи","name":"БЕНГТА","price":"999","description":"Блокирующая свет гардина, 1 шт., синий, 210x300 см","img":["https://www.ikea.com/ru/ru/images/products/bengta-blokiruyushchaya-svet-gardina-1-sht-siniy__0805437_PE769558_S5.JPG","https://www.ikea.com/ru/ru/images/products/bengta-blokiruyushchaya-svet-gardina-1-sht-siniy__0805436_PE769559_S5.JPG"],"id":"idd052","count":4},{"category":"Текстиль","subcategory":"Шторы и жалюзи","name":"ХОППВАЛС","price":"2999","description":"Затемняющие сотовидные жалюзи, синий, 140x155 см","img":["https://www.ikea.com/ru/ru/images/products/hoppvals-zatemnyayushchie-sotovidnye-zhalyuzi-siniy__0746229_PE743900_S5.JPG","https://www.ikea.com/ru/ru/images/products/hoppvals-zatemnyayushchie-sotovidnye-zhalyuzi-siniy__0746228_PE743901_S5.JPG"],"id":"idd053","count":0},{"category":"Текстиль","subcategory":"Шторы и жалюзи","name":"АЛЬВИНЕ СПЕТС","price":"499","description":"Гардины, 2 шт., белый с оттенком, 145x300 см","img":["https://www.ikea.com/ru/ru/images/products/alvine-spets-gardiny-2-sht-belyy-s-ottenkom__0099780_PE242082_S5.JPG","https://www.ikea.com/ru/ru/images/products/alvine-spets-gardiny-2-sht-belyy-s-ottenkom__0886602_PE569730_S5.JPG"],"id":"idd054","count":6},{"category":"Текстиль","subcategory":"Шторы и жалюзи","name":"ШОТТИС","price":"169","description":"Жалюзи, белый, 90x190 см","img":["https://www.ikea.com/ru/ru/images/products/shottis-zhalyuzi-belyy__0188960_PE342048_S5.JPG","https://www.ikea.com/ru/ru/images/products/shottis-zhalyuzi-belyy__0680338_PE719822_S5.JPG"],"id":"idd055","count":1},{"category":"Текстиль","subcategory":"Шторы и жалюзи","name":"РИНГБЛУММА","price":"1599","description":"Римская штора, зеленый, 120x160 см","img":["https://www.ikea.com/ru/ru/images/products/ringblumma-rimskaya-shtora-zelenyy__0705438_PE725573_S5.JPG","https://www.ikea.com/ru/ru/images/products/ringblumma-rimskaya-shtora-zelenyy__0892797_PE725575_S5.JPG"],"id":"idd056","count":1},{"category":"Текстиль","subcategory":"Шторы и жалюзи","name":"ОДДЛАУГ","price":"1999","description":"Звукопоглощающая панель, серый, 15 шт","img":["https://www.ikea.com/ru/ru/images/products/oddlaug-zvukopogloshchayushchaya-panel-seryy__0737048_PE740868_S5.JPG","https://www.ikea.com/ru/ru/images/products/oddlaug-zvukopogloshchayushchaya-panel-seryy__0737045_PE740867_S5.JPG"],"id":"idd057","count":3},{"category":"Мебель","subcategory":"Кровати","name":"БРИМНЭС","price":"6599","description":"Каркас кровати, белый/Лурой, 140x200 см","img":["https://www.ikea.com/ru/ru/images/products/brimnes-karkas-krovati-belyy-luroy__0922812_PE788233_S5.JPG","https://www.ikea.com/ru/ru/images/products/brimnes-karkas-krovati-belyy-luroy__0922813_PE788236_S5.JPG"],"id":"idd058","count":0},{"category":"Мебель","subcategory":"Кровати","name":"СЛАТТУМ","price":"13999","description":"Каркас кровати с обивкой, Книса светло-серый, 160x200 см","img":["https://www.ikea.com/ru/ru/images/products/slattum-karkas-krovati-s-obivkoy-knisa-svetlo-seryy__0768244_PE754388_S5.JPG","https://www.ikea.com/ru/ru/images/products/slattum-karkas-krovati-s-obivkoy-knisa-svetlo-seryy__0726695_PE735410_S5.JPG"],"id":"idd059","count":6},{"category":"Мебель","subcategory":"Кровати","name":"ЛЕЙРВИК","price":"9599","description":"Каркас кровати, белый/Лурой, 140x200 см","img":["https://www.ikea.com/ru/ru/images/products/leyrvik-karkas-krovati-belyy-luroy__0637552_PE704561_S5.JPG","https://www.ikea.com/ru/ru/images/products/leyrvik-karkas-krovati-belyy-luroy__0485903_PH133783_S5.JPG"],"id":"idd060","count":5},{"category":"Мебель","subcategory":"Кровати","name":"СОНГЕСАНД","price":"15599","description":"Каркас кровати с 2 ящиками, белый/Лурой, 140x200 см","img":["https://www.ikea.com/ru/ru/images/products/songesand-karkas-krovati-s-2-yashchikami-belyy-luroy__0637607_PE698419_S5.JPG","https://www.ikea.com/ru/ru/images/products/songesand-karkas-krovati-s-2-yashchikami-belyy-luroy__0627013_PH149311_S5.JPG"],"id":"idd061","count":0},{"category":"Текстиль","subcategory":"Матрасы","name":"ЙОМНА","price":"1799","description":"Пенополиуретановый матрас, светло-серый, 90x200 см","img":["https://www.ikea.com/ru/ru/images/products/yomna-penopoliuretanovyy-matras-svetlo-seryy__0146750_PE305774_S5.JPG","https://www.ikea.com/ru/ru/images/products/yomna-penopoliuretanovyy-matras-svetlo-seryy__0626525_PE692838_S5.JPG"],"id":"idd062","count":7},{"category":"Текстиль","subcategory":"Матрасы","name":"ВАДСО","price":"4799","description":"Пружинный матрас, очень жесткий/голубой, 160x200 см","img":["https://www.ikea.com/ru/ru/images/products/vadso-pruzhinnyy-matras-ochen-zhestkiy-goluboy__0898717_PE782605_S5.JPG","https://www.ikea.com/ru/ru/images/products/vadso-pruzhinnyy-matras-ochen-zhestkiy-goluboy__0954659_PE803417_S5.JPG"],"id":"idd063","count":5},{"category":"Мебель","subcategory":"Комоды","name":"РАСТ","price":"2999","description":"Комод с 3 ящиками, сосна, 62x70 см","img":["https://www.ikea.com/ru/ru/images/products/rast-komod-s-3-yashchikami-sosna__0651178_PE706790_S5.JPG","https://www.ikea.com/ru/ru/images/products/rast-komod-s-3-yashchikami-sosna__0132846_PE018446_S5.JPG"],"id":"idd064","count":4},{"category":"Мебель","subcategory":"Комоды","name":"НОРДМЕЛА","price":"17999","description":"Комод с платяной штангой, черно-синий, 119x118 см","img":["https://www.ikea.com/ru/ru/images/products/nordmela-komod-s-platyanoy-shtangoy-cherno-siniy__0656826_PE711620_S5.JPG","https://www.ikea.com/ru/ru/images/products/nordmela-komod-s-platyanoy-shtangoy-cherno-siniy__0857791_PE711622_S5.JPG"],"id":"idd065","count":4},{"category":"Мебель","subcategory":"Столы","name":"ХЕМНЭС","price":"14999","description":"Туалетный столик с зркл, белый, 100x50 см","img":["https://www.ikea.com/ru/ru/images/products/hemnes-tualetnyy-stolik-s-zrkl-belyy__0627085_PE693165_S5.JPG","https://www.ikea.com/ru/ru/images/products/hemnes-tualetnyy-stolik-s-zrkl-belyy__0735324_PE739880_S5.JPG"],"id":"idd066","count":4},{"category":"Мебель","subcategory":"Столы","name":"КОРНШЁ","price":"11999","description":"Тумба с зеркалом, черный, 70x47 см","img":["https://www.ikea.com/ru/ru/images/products/kornshyo-tumba-s-zerkalom-chernyy__0806403_PE769937_S5.JPG","https://www.ikea.com/ru/ru/images/products/kornshyo-tumba-s-zerkalom-chernyy__0862397_PE781257_S5.JPG"],"id":"idd067","count":3},{"category":"Кухня","subcategory":"Кухни","name":"МЕТОД","price":"68730","description":"Кухня, белый/Кунгсбакка антрацит, 240x60x228 см","img":["https://www.ikea.com/ru/ru/images/products/metod-kuhnya-belyy-kungsbakka-antracit__0921424_PE787820_S5.JPG","https://www.ikea.com/ru/ru/images/products/metod-kuhnya-belyy-kungsbakka-antracit__0315340_PE514230_S5.JPG"],"id":"idd068","count":1},{"category":"Кухня","subcategory":"Кухни","name":"КНОКСХУЛЬТ","price":"40190","description":"Кухня, глянцевый белый","img":["https://www.ikea.com/ru/ru/images/products/knokshult-kuhnya-glyancevyy-belyy__0944252_PE797203_S5.JPG","https://www.ikea.com/ru/ru/images/products/knokshult-kuhnya-glyancevyy-belyy__0871643_PE615307_S5.JPG"],"id":"idd069","count":2},{"category":"Кухня","subcategory":"Варочные панели","name":"ХОГКЛАССИГ","price":"49999","description":"Индукционная панель/регулир зоны, черный, 78 см","img":["https://www.ikea.com/ru/ru/images/products/hogklassig-indukcionnaya-panel-regulir-zony-chernyy__0755408_PE748421_S5.JPG","https://www.ikea.com/ru/ru/images/products/hogklassig-indukcionnaya-panel-regulir-zony-chernyy__0369024_PE549703_S5.JPG"],"id":"idd070","count":0},{"category":"Кухня","subcategory":"Варочные панели","name":"МАТМЭССИГ","price":"22999","description":"Индукц варочн панель, черный, 59 см","img":["https://www.ikea.com/ru/ru/images/products/matmessig-indukc-varochn-panel-chernyy__0755414_PE748427_S5.JPG","https://www.ikea.com/ru/ru/images/products/matmessig-indukc-varochn-panel-chernyy__0868785_PE659634_S5.JPG"],"id":"idd071","count":6},{"category":"Кухня","subcategory":"Варочные панели","name":"ЛАГАН HGC3K","price":"8999","description":"Варочн панель стеклокерамика, черный, 59x52 см","img":["https://www.ikea.com/ru/ru/images/products/lagan-hgc3k-varochn-panel-steklokeramika-chernyy__0755409_PE748422_S5.JPG","https://www.ikea.com/ru/ru/images/products/lagan-hgc3k-varochn-panel-steklokeramika-chernyy__0281440_PE419926_S5.JPG"],"id":"idd072","count":6},{"category":"Кухня","subcategory":"Варочные панели","name":"МАТМЭССИГ","price":"14999","description":"Варочн панель стеклокерамика, черный, 59 см","img":["https://www.ikea.com/ru/ru/images/products/matmessig-varochn-panel-steklokeramika-chernyy__0592155_PE674395_S5.JPG","https://www.ikea.com/ru/ru/images/products/matmessig-varochn-panel-steklokeramika-chernyy__0868816_PE659630_S5.JPG"],"id":"idd073","count":0},{"category":"Кухня","subcategory":"Варочные панели","name":"ЛАГАН","price":"4999","description":"Поверхность встраиваемая газовая, белый","img":["https://www.ikea.com/ru/ru/images/products/lagan-poverhnost-vstraivaemaya-gazovaya-belyy__0671318_PE716175_S5.JPG","https://www.ikea.com/ru/ru/images/products/lagan-poverhnost-vstraivaemaya-gazovaya-belyy__0868791_PE716176_S5.JPG"],"id":"idd074","count":3},{"category":"Кухня","subcategory":"Варочные панели","name":"ЛИВСГНИСТА","price":"17999","description":"Поверхность встраиваемая газовая, стекло черный","img":["https://www.ikea.com/ru/ru/images/products/livsgnista-poverhnost-vstraivaemaya-gazovaya-steklo-chernyy__0280253_PE419214_S5.JPG","https://www.ikea.com/ru/ru/images/products/livsgnista-poverhnost-vstraivaemaya-gazovaya-steklo-chernyy__0329211_PE519564_S5.JPG"],"id":"idd075","count":1},{"category":"Кухня","subcategory":"Духовые шкафы","name":"ГОРЛИГ","price":"14999","description":"Духовка, нержав сталь","img":["https://www.ikea.com/ru/ru/images/products/gorlig-duhovka-nerzhav-stal__0754885_PE748153_S5.JPG","https://www.ikea.com/ru/ru/images/products/gorlig-duhovka-nerzhav-stal__0603698_PE680895_S5.JPG"],"id":"idd076","count":3},{"category":"Кухня","subcategory":"Духовые шкафы","name":"ЛАГАН","price":"8999","description":"Духовка, белый","img":["https://www.ikea.com/ru/ru/images/products/lagan-duhovka-belyy__0754889_PE748157_S5.JPG","https://www.ikea.com/ru/ru/images/products/lagan-duhovka-belyy__0868147_PE680942_S5.JPG"],"id":"idd077","count":7},{"category":"Кухня","subcategory":"Посудомоечные машины","name":"ЛАГАН","price":"18999","description":"Встраиваемая посудомоечная машина, белый","img":["https://www.ikea.com/ru/ru/images/products/lagan-vstraivaemaya-posudomoechnaya-mashina-belyy__0529487_PE646246_S5.JPG","https://www.ikea.com/ru/ru/images/products/lagan-vstraivaemaya-posudomoechnaya-mashina-belyy__0868657_PE646249_S5.JPG"],"id":"idd078","count":3},{"category":"Кухня","subcategory":"Посудомоечные машины","name":"ЭЛЬПСАМ","price":"22999","description":"Встраиваемая посудомоечная машина а, серый, 45 см","img":["https://www.ikea.com/ru/ru/images/products/elpsam-vstraivaemaya-posudomoechnaya-mashina-a-seryy__0280018_PE419056_S5.JPG","https://www.ikea.com/ru/ru/images/products/elpsam-vstraivaemaya-posudomoechnaya-mashina-a-seryy__0280019_PE419064_S5.JPG"],"id":"idd079","count":0},{"category":"Кухня","subcategory":"Мойки для кухни","name":"ХАВСЕН","price":"13890","description":"Двойная мойка, видимая фронт стенка, белый, 82x48 см","img":["https://www.ikea.com/ru/ru/images/products/havsen-dvoynaya-moyka-vidimaya-front-stenka-belyy__0754481_PE747937_S5.JPG","https://www.ikea.com/ru/ru/images/products/havsen-dvoynaya-moyka-vidimaya-front-stenka-belyy__0865206_PE671654_S5.JPG"],"id":"idd080","count":2},{"category":"Кухня","subcategory":"Мойки для кухни","name":"ХАВСЕН","price":"6090","description":"Одинарная врезная мойка, белый, 53x47 см","img":["https://www.ikea.com/ru/ru/images/products/havsen-odinarnaya-vreznaya-moyka-belyy__0754466_PE747930_S5.JPG","https://www.ikea.com/ru/ru/images/products/havsen-odinarnaya-vreznaya-moyka-belyy__0865718_PE686262_S5.JPG"],"id":"idd081","count":6},{"category":"Кухня","subcategory":"Мойки для кухни","name":"КИЛСВИКЕН","price":"18389","description":"Одинарная врезная мойка, черный кварцевый композит, 72x46 см","img":["https://www.ikea.com/ru/ru/images/products/kilsviken-odinarnaya-vreznaya-moyka-chernyy-kvarcevyy-kompozit__0831723_PE777323_S5.JPG","https://www.ikea.com/ru/ru/images/products/kilsviken-odinarnaya-vreznaya-moyka-chernyy-kvarcevyy-kompozit__0916546_PE785241_S5.JPG"],"id":"idd082","count":5},{"category":"Кухня","subcategory":"Смеситель для мойки","name":"ГЛИТТРАН","price":"6999","description":"Смеситель кухонный, черный","img":["https://www.ikea.com/ru/ru/images/products/glittran-smesitel-kuhonnyy-chernyy__0831970_PE777539_S5.JPG","https://www.ikea.com/ru/ru/images/products/glittran-smesitel-kuhonnyy-chernyy__0759273_PE766424_S5.JPG"],"id":"idd083","count":0},{"category":"Кухня","subcategory":"Смеситель для мойки","name":"ТОЛЛЬШЁН","price":"15999","description":"Смеситель кухонный с душем, черный полированный металл","img":["https://www.ikea.com/ru/ru/images/products/tollshyon-smesitel-kuhonnyy-s-dushem-chernyy-polirovannyy-metall__0723024_PE733827_S5.JPG","https://www.ikea.com/ru/ru/images/products/tollshyon-smesitel-kuhonnyy-s-dushem-chernyy-polirovannyy-metall__0723023_PE733826_S5.JPG"],"id":"idd084","count":1},{"category":"Кухня","subcategory":"Смеситель для мойки","name":"ИНШЁН","price":"5999","description":"Смеситель кухонный, желтая медь","img":["https://www.ikea.com/ru/ru/images/products/inshyon-smesitel-kuhonnyy-zheltaya-med__0756695_PE749045_S5.JPG","https://www.ikea.com/ru/ru/images/products/inshyon-smesitel-kuhonnyy-zheltaya-med__0866555_PE681186_S5.JPG"],"id":"idd085","count":0},{"category":"Кухня","subcategory":"Кухонные столы","name":"МЕЛЬТОРП","price":"2999","description":"Стол, белый, 125x75 см","img":["https://www.ikea.com/ru/ru/images/products/meltorp-stol-belyy__0737266_PE740964_S5.JPG","https://www.ikea.com/ru/ru/images/products/meltorp-stol-belyy__0871870_PE716739_S5.JPG"],"id":"idd086","count":6},{"category":"Кухня","subcategory":"Кухонные столы","name":"БЬЮРСТА","price":"13999","description":"Раздвижной стол, белый, 115/166 см","img":["https://www.ikea.com/ru/ru/images/products/byursta-razdvizhnoy-stol-belyy__0870462_PE598819_S5.JPG","https://www.ikea.com/ru/ru/images/products/byursta-razdvizhnoy-stol-belyy__0870467_PE599526_S5.JPG"],"id":"idd087","count":4},{"category":"Кухня","subcategory":"Кухонные столы","name":"ИНГАТОРП","price":"21999","description":"Раздвижной стол, белый, 110/155 см","img":["https://www.ikea.com/ru/ru/images/products/ingatorp-razdvizhnoy-stol-belyy__0870419_PE668361_S5.JPG","https://www.ikea.com/ru/ru/images/products/ingatorp-razdvizhnoy-stol-belyy__0870451_PE716643_S5.JPG"],"video":"https://mmapi.ikea.com/im/productfilms/videos/fe000075.mp4","id":"idd088","count":5},{"category":"Кухня","subcategory":"Кухонные столы","name":"ГЭМЛЕБИ","price":"15999","description":"Стол складной, светлая морилка антик/серый, 67/134/201x78 см","img":["https://www.ikea.com/ru/ru/images/products/gemlebi-stol-skladnoy-svetlaya-morilka-antik-seryy__0870862_PE598842_S5.JPG","https://www.ikea.com/ru/ru/images/products/gemlebi-stol-skladnoy-svetlaya-morilka-antik-seryy__0870871_PE599527_S5.JPG"],"id":"idd089","count":2},{"category":"Кухня","subcategory":"Стулья для кухни","name":"АДДЕ","price":"749","description":"Стул, белый","img":["https://www.ikea.com/ru/ru/images/products/adde-stul-belyy__0728280_PE736170_S5.JPG","https://www.ikea.com/ru/ru/images/products/adde-stul-belyy__0871875_PE716741_S5.JPG"],"id":"idd090","count":7},{"category":"Кухня","subcategory":"Стулья для кухни","name":"ИНГОЛЬФ","price":"3499","description":"Стул, белый","img":["https://www.ikea.com/ru/ru/images/products/ingolf-stul-belyy__0728152_PE736113_S5.JPG","https://www.ikea.com/ru/ru/images/products/ingolf-stul-belyy__0209109_PE323885_S5.JPG"],"id":"idd091","count":4},{"category":"Кухня","subcategory":"Стулья для кухни","name":"ОДГЕР","price":"5999","description":"Стул, белый/бежевый","img":["https://www.ikea.com/ru/ru/images/products/odger-stul-belyy-bezhevyy__0727334_PE735606_S5.JPG","https://www.ikea.com/ru/ru/images/products/odger-stul-belyy-bezhevyy__0671207_PH152942_S5.JPG"],"id":"idd092","count":5},{"category":"Кухня","subcategory":"Стулья для кухни","name":"АГАМ","price":"3699","description":"Детский стул, белый","img":["https://www.ikea.com/ru/ru/images/products/agam-detskiy-stul-belyy__0727929_PE735943_S5.JPG","https://www.ikea.com/ru/ru/images/products/agam-detskiy-stul-belyy__0873896_PE613517_S5.JPG"],"id":"idd093","count":7},{"category":"Кухня","subcategory":"Стулья для кухни","name":"ЛАНГУР","price":"3990","description":"Детский стул, белый","img":["https://www.ikea.com/ru/ru/images/products/langur-detskiy-stul-belyy__0727479_PE735704_S5.JPG","https://www.ikea.com/ru/ru/images/products/langur-detskiy-stul-belyy__0873486_PE666455_S5.JPG"],"video":"https://mmapi.ikea.com/im/productfilms/videos/fe000129.mp4","id":"idd094","count":5},{"category":"Мебель","subcategory":"Письменные столы","name":"ФРЕДДЕ","price":"14999","description":"Письменный стол, белый, 140/185x74x146 см","img":["https://www.ikea.com/ru/ru/images/products/fredde-pismennyy-stol-belyy__0732848_PE738757_S5.JPG","https://www.ikea.com/ru/ru/images/products/fredde-pismennyy-stol-belyy__0732844_PE738755_S5.JPG"],"id":"idd095","count":1},{"category":"Мебель","subcategory":"Письменные столы","name":"ЛИННМОН / АЛЕКС","price":"13799","description":"Стол, черно-коричневый/синий, 150x75 см","img":["https://www.ikea.com/ru/ru/images/products/linnmon-aleks-stol-cherno-korichnevyy-siniy__0721955_PE733431_S5.JPG","https://www.ikea.com/ru/ru/images/products/linnmon-aleks-stol-cherno-korichnevyy-siniy__0723830_PE734238_S5.JPG"],"id":"idd096","count":5},{"category":"Мебель","subcategory":"Письменные столы","name":"БЕКАНТ","price":"18999","description":"Углов письм стол левый, дубовый шпон, беленый/черный, 160x110 см","img":["https://www.ikea.com/ru/ru/images/products/bekant-uglov-pism-stol-levyy-dubovyy-shpon-belenyy-chernyy__0736441_PE740551_S5.JPG","https://www.ikea.com/ru/ru/images/products/bekant-uglov-pism-stol-levyy-dubovyy-shpon-belenyy-chernyy__0855955_PE722211_S5.JPG"],"id":"idd097","count":5},{"category":"Мебель","subcategory":"Письменные столы","name":"БЕКАНТ","price":"34999","description":"Стол/трансф, белый, 160x80 см","img":["https://www.ikea.com/ru/ru/images/products/bekant-stol-transf-belyy__0921730_PE787947_S5.JPG","https://www.ikea.com/ru/ru/images/products/bekant-stol-transf-belyy__0855228_PE714377_S5.JPG"],"video":"https://mmapi.ikea.com/im/productfilms/videos/fe001113.mp4","id":"idd098","count":3},{"category":"Мебель","subcategory":"Стулья для письменного стола","name":"ЛОНГФЬЕЛЛЬ","price":"11999","description":"Рабочий стул с подлокотниками, Гуннаред бежевый/белый","img":["https://www.ikea.com/ru/ru/images/products/longfell-rabochiy-stul-s-podlokotnikami-gunnared-bezhevyy-belyy__0725409_PE734841_S5.JPG","https://www.ikea.com/ru/ru/images/products/longfell-rabochiy-stul-s-podlokotnikami-gunnared-bezhevyy-belyy__0852682_PE671968_S5.JPG"],"video":"https://mmapi.ikea.com/im/productfilms/videos/fe001139.mp4","id":"idd099","count":3},{"category":"Мебель","subcategory":"Стулья для письменного стола","name":"НИЛЬС-ЭРИК","price":"2999","description":"Высокий табурет, белый/Висле серый","img":["https://www.ikea.com/ru/ru/images/products/nils-erik-vysokiy-taburet-belyy-visle-seryy__0727399_PE735651_S5.JPG","https://www.ikea.com/ru/ru/images/products/nils-erik-vysokiy-taburet-belyy-visle-seryy__0799289_PH163507_S5.JPG"],"id":"idd100","count":3},{"category":"Мебель","subcategory":"Стулья для письменного стола","name":"ХАТТЕФЬЕЛЛЬ","price":"14999","description":"Рабочий стул с подлокотниками, Гуннаред классический серый/белый","img":["https://www.ikea.com/ru/ru/images/products/hattefell-rabochiy-stul-s-podlokotnikami-gunnared-klassicheskiy-seryy-belyy__0724655_PE734555_S5.JPG","https://www.ikea.com/ru/ru/images/products/hattefell-rabochiy-stul-s-podlokotnikami-gunnared-klassicheskiy-seryy-belyy__0854839_PE671123_S5.JPG"],"video":"https://mmapi.ikea.com/im/productfilms/videos/fe001027.mp4","id":"idd101","count":1},{"category":"Мебель","subcategory":"Стулья для письменного стола","name":"ЭРВФЬЕЛЛЕТ","price":"14999","description":"Вращающееся легкое кресло, Глосе черный","img":["https://www.ikea.com/ru/ru/images/products/ervfellet-vrashchayushcheesya-legkoe-kreslo-glose-chernyy__0724656_PE734556_S5.JPG","https://www.ikea.com/ru/ru/images/products/ervfellet-vrashchayushcheesya-legkoe-kreslo-glose-chernyy__0853731_PE683150_S5.JPG"],"id":"idd102","count":0},{"category":"Мебель","subcategory":"Стулья для письменного стола","name":"ФЛИНТАН","price":"5999","description":"Рабочий стул, Висле серый","img":["https://www.ikea.com/ru/ru/images/products/flintan-rabochiy-stul-visle-seryy__0724698_PE734580_S5.JPG","https://www.ikea.com/ru/ru/images/products/flintan-rabochiy-stul-visle-seryy__0723337_PE733921_S5.JPG"],"id":"idd103","count":2}]
